id,tipo,central,zona,status
1,Flujometro,000002,Zaam-Dox,ok
2,Flujometro,000002,Zamit,dañado
3,Flujometro,000002,Fixflex,durmiendo
4,Termometro,000002,Trippledex,ok
5,Termometro,000003,Zaam-Dox,apagado
6,Termometro,000003,Cardify,durmiendo
7,Flujometro,000001,Daltfresh,ok
8,Nivel,000003,Zathin,ok
9,Flujometro,000001,Wrapsafe,apagado
10,Nivel,000003,Zamit,apagado
11,Termometro,000003,Namfix,ok
12,Nivel,000003,Regrant,ok
13,Termometro,000001,Konklux,durmiendo
14,Nivel,000003,Sub-Ex,dañado
15,Termometro,000003,Zamit,durmiendo
16,Flujometro,000003,Trippledex,dañado
17,Termometro,000003,Lotlux,durmiendo
18,Termometro,000002,Asoka,dañado
19,Termometro,000002,Tresom,dañado
20,Nivel,000002,Lotstring,ok
21,Termometro,000002,Zoolab,apagado
22,Nivel,000002,Zontrax,apagado
23,Nivel,000003,Alphazap,apagado
24,Termometro,000002,Bitchip,dañado
25,Flujometro,000003,Flowdesk,apagado
26,Flujometro,000001,Prodder,apagado
27,Flujometro,000003,Konklab,apagado
28,Flujometro,000001,Keylex,ok
29,Flujometro,000002,Konklab,apagado
30,Termometro,000003,Greenlam,dañado
31,Nivel,000003,Overhold,durmiendo
32,Flujometro,000001,Konklab,ok
33,Flujometro,000001,Regrant,durmiendo
34,Nivel,000001,Ventosanzap,durmiendo
35,Nivel,000001,Latlux,durmiendo
36,Flujometro,000003,Trippledex,durmiendo
37,Termometro,000001,Treeflex,apagado
38,Nivel,000001,Namfix,dañado
39,Nivel,000003,Redhold,durmiendo
40,Termometro,000002,Hatity,ok
41,Termometro,000003,Zoolab,ok
42,Nivel,000002,Zoolab,durmiendo
43,Flujometro,000002,Prodder,dañado
44,Flujometro,000001,Cardify,durmiendo
45,Nivel,000001,Biodex,ok
46,Nivel,000001,It,apagado
47,Nivel,000001,Overhold,ok
48,Nivel,000002,Tin,apagado
49,Nivel,000002,Home Ing,dañado
50,Nivel,000003,Otcom,apagado
51,Termometro,000001,Zathin,ok
52,Flujometro,000002,Domainer,ok
53,Termometro,000001,Zaam-Dox,durmiendo
54,Flujometro,000002,Temp,ok
55,Termometro,000001,Rank,apagado
56,Nivel,000003,Tresom,dañado
57,Nivel,000001,Tampflex,apagado
58,Termometro,000002,Mat Lam Tam,durmiendo
59,Flujometro,000002,Job,apagado
60,Nivel,000002,Home Ing,apagado
61,Termometro,000001,Gembucket,apagado
62,Termometro,000001,Subin,dañado
63,Nivel,000003,Tampflex,durmiendo
64,Termometro,000003,Sonair,dañado
65,Termometro,000003,Andalax,ok
66,Flujometro,000001,Asoka,ok
67,Termometro,000003,Redhold,durmiendo
68,Termometro,000003,Vagram,dañado
69,Nivel,000003,Lotstring,durmiendo
70,Flujometro,000003,Fix San,durmiendo
71,Termometro,000003,Namfix,dañado
72,Nivel,000001,Konklab,ok
73,Termometro,000002,Home Ing,durmiendo
74,Flujometro,000002,Stim,durmiendo
75,Termometro,000002,Opela,dañado
76,Termometro,000001,Sub-Ex,apagado
77,Termometro,000001,Gembucket,dañado
78,Nivel,000002,Lotlux,dañado
79,Nivel,000003,Matsoft,dañado
80,Flujometro,000001,Temp,apagado
81,Nivel,000002,Lotlux,durmiendo
82,Nivel,000003,Lotstring,durmiendo
83,Flujometro,000002,Lotlux,durmiendo
84,Flujometro,000001,Cardify,dañado
85,Nivel,000002,Greenlam,ok
86,Nivel,000002,Fintone,durmiendo
87,Flujometro,000003,Bitwolf,ok
88,Nivel,000001,Pannier,apagado
89,Termometro,000003,Duobam,durmiendo
90,Flujometro,000003,Lotlux,apagado
91,Flujometro,000003,Toughjoyfax,durmiendo
92,Nivel,000001,Flexidy,ok
93,Termometro,000003,Tresom,ok
94,Flujometro,000001,Kanlam,apagado
95,Flujometro,000003,Overhold,apagado
96,Termometro,000003,Lotlux,ok
97,Termometro,000002,Bytecard,durmiendo
98,Termometro,000003,Ronstring,apagado
99,Termometro,000003,Vagram,dañado
100,Nivel,000003,Span,dañado
101,Nivel,000001,Bitchip,durmiendo
102,Nivel,000003,Zathin,durmiendo
103,Termometro,000003,Cardify,ok
104,Flujometro,000003,Sonair,dañado
105,Nivel,000002,Tampflex,ok
106,Flujometro,000001,Job,dañado
107,Flujometro,000001,Voltsillam,apagado
108,Nivel,000001,Prodder,apagado
109,Nivel,000002,Konklux,durmiendo
110,Flujometro,000002,Lotlux,dañado
111,Nivel,000001,Stim,durmiendo
112,Nivel,000003,Job,apagado
113,Nivel,000002,Andalax,apagado
114,Termometro,000001,Kanlam,dañado
115,Nivel,000002,Wrapsafe,durmiendo
116,Flujometro,000001,Aerified,durmiendo
117,Flujometro,000002,Asoka,apagado
118,Nivel,000002,Tampflex,durmiendo
119,Termometro,000001,Zamit,durmiendo
120,Termometro,000003,Alpha,ok
121,Nivel,000002,Greenlam,durmiendo
122,Nivel,000003,Sonsing,durmiendo
123,Nivel,000003,Andalax,dañado
124,Termometro,000003,Konklux,dañado
125,Nivel,000002,It,durmiendo
126,Nivel,000002,Toughjoyfax,ok
127,Flujometro,000002,Pannier,durmiendo
128,Flujometro,000001,Regrant,durmiendo
129,Termometro,000001,Gembucket,dañado
130,Flujometro,000003,Voltsillam,dañado
131,Termometro,000003,Cardguard,apagado
132,Termometro,000002,Bigtax,apagado
133,Nivel,000001,Lotlux,durmiendo
134,Termometro,000002,Bamity,apagado
135,Flujometro,000002,Wrapsafe,dañado
136,Flujometro,000003,Keylex,apagado
137,Nivel,000002,Veribet,durmiendo
138,Nivel,000002,Lotstring,ok
139,Nivel,000001,Gembucket,dañado
140,Termometro,000001,Latlux,durmiendo
141,Termometro,000002,Tresom,durmiendo
142,Nivel,000003,Y-find,dañado
143,Flujometro,000001,Subin,dañado
144,Nivel,000002,Hatity,durmiendo
145,Nivel,000002,Pannier,apagado
146,Termometro,000003,Lotlux,ok
147,Termometro,000002,Transcof,ok
148,Termometro,000002,Zamit,apagado
149,Termometro,000001,Rank,ok
150,Nivel,000001,Treeflex,ok
151,Termometro,000002,Toughjoyfax,apagado
152,Nivel,000001,Bigtax,durmiendo
153,Flujometro,000002,Home Ing,dañado
154,Flujometro,000003,Span,durmiendo
155,Nivel,000003,Lotlux,dañado
156,Nivel,000003,Zontrax,ok
157,Flujometro,000003,Keylex,apagado
158,Termometro,000002,Cookley,ok
159,Flujometro,000001,Cardify,durmiendo
160,Termometro,000002,Konklux,dañado
161,Termometro,000003,Vagram,durmiendo
162,Nivel,000002,Asoka,apagado
163,Flujometro,000001,Zamit,apagado
164,Termometro,000001,Tin,apagado
165,Nivel,000003,Greenlam,dañado
166,Termometro,000001,Cardify,apagado
167,Termometro,000003,Span,dañado
168,Flujometro,000002,Viva,durmiendo
169,Nivel,000003,Stronghold,dañado
170,Nivel,000003,Voltsillam,dañado
171,Flujometro,000003,Opela,ok
172,Nivel,000003,Sonsing,ok
173,Flujometro,000001,Fintone,durmiendo
174,Termometro,000003,Alpha,durmiendo
175,Termometro,000003,Asoka,durmiendo
176,Termometro,000003,Mat Lam Tam,ok
177,Termometro,000001,Hatity,durmiendo
178,Termometro,000003,Solarbreeze,dañado
179,Flujometro,000003,Lotstring,apagado
180,Nivel,000001,Bamity,apagado
181,Flujometro,000003,Cookley,dañado
182,Nivel,000003,Namfix,durmiendo
183,Nivel,000002,Zontrax,dañado
184,Nivel,000003,Ventosanzap,durmiendo
185,Flujometro,000002,Regrant,dañado
186,Termometro,000001,Bamity,dañado
187,Termometro,000001,Toughjoyfax,ok
188,Flujometro,000002,Wrapsafe,dañado
189,Termometro,000001,Voyatouch,apagado
190,Termometro,000001,Prodder,durmiendo
191,Nivel,000003,Overhold,apagado
192,Nivel,000001,Namfix,apagado
193,Termometro,000002,Transcof,durmiendo
194,Nivel,000002,Latlux,apagado
195,Nivel,000003,Cookley,durmiendo
196,Termometro,000002,Hatity,ok
197,Nivel,000002,Tampflex,dañado
198,Nivel,000003,Subin,ok
199,Flujometro,000003,Fix San,apagado
200,Nivel,000001,Ventosanzap,ok
201,Termometro,000002,Domainer,ok
202,Termometro,000001,Solarbreeze,durmiendo
203,Flujometro,000001,Sonair,dañado
204,Flujometro,000002,Prodder,ok
205,Nivel,000003,Treeflex,durmiendo
206,Flujometro,000001,It,dañado
207,Flujometro,000002,Solarbreeze,ok
208,Nivel,000001,Opela,apagado
209,Termometro,000001,Fintone,ok
210,Flujometro,000002,Tresom,apagado
211,Termometro,000002,Redhold,apagado
212,Termometro,000001,Flexidy,dañado
213,Flujometro,000001,Solarbreeze,dañado
214,Flujometro,000001,Regrant,durmiendo
215,Termometro,000003,Gembucket,apagado
216,Termometro,000001,Sub-Ex,dañado
217,Termometro,000001,Tempsoft,ok
218,Flujometro,000002,Tresom,ok
219,Nivel,000001,Daltfresh,apagado
220,Termometro,000001,Toughjoyfax,dañado
221,Nivel,000002,Vagram,ok
222,Flujometro,000001,Flexidy,apagado
223,Nivel,000002,Duobam,durmiendo
224,Nivel,000003,Zontrax,durmiendo
225,Termometro,000002,Holdlamis,durmiendo
226,Nivel,000002,Zontrax,dañado
227,Flujometro,000001,Daltfresh,durmiendo
228,Termometro,000001,Solarbreeze,apagado
229,Termometro,000001,Stringtough,dañado
230,Flujometro,000003,Cardify,apagado
231,Termometro,000003,Bytecard,ok
232,Termometro,000002,Y-find,dañado
233,Nivel,000003,Gembucket,ok
234,Termometro,000001,Transcof,ok
235,Termometro,000003,Zaam-Dox,ok
236,Termometro,000003,Bytecard,durmiendo
237,Termometro,000003,Cardify,apagado
238,Termometro,000002,Bytecard,ok
239,Flujometro,000002,Matsoft,ok
240,Nivel,000002,Cardguard,ok
241,Nivel,000003,Konklab,durmiendo
242,Termometro,000003,Tin,ok
243,Flujometro,000003,Fixflex,durmiendo
244,Flujometro,000003,Tempsoft,ok
245,Flujometro,000003,Asoka,dañado
246,Nivel,000003,Cardguard,ok
247,Flujometro,000001,Zaam-Dox,apagado
248,Nivel,000002,Sonsing,apagado
249,Nivel,000001,Stringtough,dañado
250,Termometro,000001,Temp,apagado
251,Termometro,000003,Cardguard,durmiendo
252,Flujometro,000002,Bitwolf,durmiendo
253,Nivel,000001,Lotstring,durmiendo
254,Nivel,000001,Daltfresh,dañado
255,Flujometro,000003,Viva,apagado
256,Nivel,000001,Ronstring,ok
257,Termometro,000001,Latlux,durmiendo
258,Nivel,000001,Bigtax,dañado
259,Flujometro,000001,Voyatouch,dañado
260,Termometro,000002,Bytecard,ok
261,Nivel,000002,Sonair,apagado
262,Nivel,000002,Viva,durmiendo
263,Nivel,000001,Quo Lux,ok
264,Termometro,000002,Cardify,durmiendo
265,Flujometro,000001,Regrant,apagado
266,Nivel,000002,Andalax,durmiendo
267,Nivel,000003,Biodex,apagado
268,Flujometro,000001,Solarbreeze,dañado
269,Nivel,000001,Fintone,apagado
270,Termometro,000001,Regrant,apagado
271,Flujometro,000003,Pannier,durmiendo
272,Flujometro,000002,Biodex,durmiendo
273,Nivel,000003,Viva,ok
274,Termometro,000001,Treeflex,apagado
275,Termometro,000003,Alpha,dañado
276,Flujometro,000003,Kanlam,apagado
277,Nivel,000001,Matsoft,durmiendo
278,Flujometro,000002,Lotstring,dañado
279,Termometro,000003,Pannier,durmiendo
280,Termometro,000003,Biodex,ok
281,Flujometro,000001,Domainer,dañado
282,Termometro,000002,Hatity,durmiendo
283,Termometro,000003,Overhold,dañado
284,Flujometro,000001,Span,dañado
285,Termometro,000001,Temp,apagado
286,Flujometro,000003,Bytecard,dañado
287,Termometro,000002,Konklux,durmiendo
288,Termometro,000002,Cardguard,apagado
289,Flujometro,000001,Transcof,durmiendo
290,Termometro,000003,Tempsoft,apagado
291,Nivel,000001,Biodex,dañado
292,Nivel,000002,Home Ing,apagado
293,Termometro,000002,Fix San,durmiendo
294,Flujometro,000001,Gembucket,dañado
295,Nivel,000002,Voyatouch,durmiendo
296,Flujometro,000003,Alpha,apagado
297,Termometro,000001,Toughjoyfax,dañado
298,Nivel,000003,Transcof,dañado
299,Flujometro,000003,Zathin,ok
300,Termometro,000003,Stronghold,ok
301,Nivel,000001,Vagram,apagado
302,Flujometro,000003,Biodex,apagado
303,Nivel,000003,Solarbreeze,durmiendo
304,Termometro,000001,Trippledex,durmiendo
305,Nivel,000003,Mat Lam Tam,ok
306,Termometro,000001,Sub-Ex,dañado
307,Termometro,000001,Trippledex,apagado
308,Nivel,000003,Treeflex,durmiendo
309,Nivel,000002,Bigtax,ok
310,Flujometro,000002,Vagram,dañado
311,Flujometro,000003,Stringtough,apagado
312,Termometro,000002,Opela,apagado
313,Flujometro,000002,Flexidy,ok
314,Nivel,000002,Biodex,ok
315,Termometro,000002,Namfix,dañado
316,Flujometro,000002,Kanlam,apagado
317,Termometro,000002,Namfix,ok
318,Termometro,000002,Tempsoft,apagado
319,Termometro,000003,Redhold,durmiendo
320,Nivel,000001,Konklab,ok
321,Termometro,000002,Rank,apagado
322,Nivel,000001,Domainer,ok
323,Flujometro,000002,Zoolab,durmiendo
324,Flujometro,000003,Rank,apagado
325,Nivel,000001,Ronstring,dañado
326,Flujometro,000002,Vagram,ok
327,Nivel,000003,Latlux,dañado
328,Flujometro,000002,Zaam-Dox,apagado
329,Flujometro,000001,Latlux,durmiendo
330,Nivel,000002,Biodex,apagado
331,Flujometro,000001,Vagram,dañado
332,Flujometro,000003,Redhold,dañado
333,Flujometro,000003,Quo Lux,dañado
334,Termometro,000003,Tin,ok
335,Flujometro,000001,Toughjoyfax,apagado
336,Termometro,000002,Konklab,ok
337,Nivel,000002,Pannier,ok
338,Termometro,000003,Tres-Zap,dañado
339,Termometro,000002,Bitwolf,apagado
340,Termometro,000001,Alpha,apagado
341,Flujometro,000001,Sonair,ok
342,Flujometro,000002,Toughjoyfax,dañado
343,Nivel,000002,Bytecard,ok
344,Termometro,000001,Latlux,apagado
345,Flujometro,000003,Konklab,ok
346,Termometro,000001,Alphazap,apagado
347,Nivel,000003,Prodder,durmiendo
348,Nivel,000003,Rank,dañado
349,Nivel,000002,Opela,apagado
350,Flujometro,000003,Zamit,durmiendo
351,Nivel,000002,Span,durmiendo
352,Termometro,000002,Mat Lam Tam,apagado
353,Flujometro,000003,Matsoft,durmiendo
354,Nivel,000001,Holdlamis,dañado
355,Flujometro,000001,Tampflex,dañado
356,Flujometro,000003,Domainer,durmiendo
357,Termometro,000002,Zathin,durmiendo
358,Nivel,000003,Aerified,apagado
359,Flujometro,000002,Tres-Zap,durmiendo
360,Termometro,000001,Holdlamis,ok
361,Nivel,000002,Keylex,ok
362,Termometro,000002,Kanlam,durmiendo
363,Nivel,000001,Mat Lam Tam,apagado
364,Termometro,000002,Prodder,apagado
365,Flujometro,000002,Opela,ok
366,Termometro,000002,Overhold,durmiendo
367,Termometro,000002,Otcom,durmiendo
368,Flujometro,000002,Fintone,ok
369,Nivel,000003,Zamit,ok
370,Termometro,000001,Latlux,ok
371,Termometro,000002,Cookley,apagado
372,Termometro,000001,Trippledex,durmiendo
373,Nivel,000001,Cardify,ok
374,Nivel,000002,Flexidy,durmiendo
375,Flujometro,000001,Opela,dañado
376,Nivel,000001,Y-Solowarm,dañado
377,Termometro,000003,Subin,apagado
378,Nivel,000001,Cardguard,durmiendo
379,Nivel,000003,Quo Lux,apagado
380,Termometro,000003,Rank,ok
381,Flujometro,000002,Home Ing,apagado
382,Flujometro,000003,Latlux,durmiendo
383,Flujometro,000002,Namfix,ok
384,Flujometro,000001,Sub-Ex,apagado
385,Nivel,000001,Viva,apagado
386,Flujometro,000001,Bitwolf,ok
387,Termometro,000001,Zaam-Dox,apagado
388,Flujometro,000002,Tin,apagado
389,Nivel,000002,Quo Lux,apagado
390,Termometro,000003,Subin,durmiendo
391,Termometro,000002,Treeflex,ok
392,Termometro,000003,Solarbreeze,apagado
393,Nivel,000002,Veribet,dañado
394,Flujometro,000003,It,durmiendo
395,Termometro,000003,Biodex,ok
396,Flujometro,000002,Bigtax,durmiendo
397,Nivel,000003,Domainer,dañado
398,Termometro,000001,Konklab,durmiendo
399,Flujometro,000003,Regrant,ok
400,Flujometro,000003,Cookley,apagado
401,Termometro,000003,Mat Lam Tam,ok
402,Termometro,000003,Bytecard,durmiendo
403,Termometro,000001,Fix San,apagado
404,Nivel,000003,Aerified,apagado
405,Nivel,000003,Ventosanzap,apagado
406,Nivel,000003,Wrapsafe,dañado
407,Nivel,000002,Daltfresh,apagado
408,Nivel,000003,Konklux,dañado
409,Termometro,000003,Temp,ok
410,Termometro,000001,Biodex,durmiendo
411,Termometro,000002,Otcom,durmiendo
412,Termometro,000003,Stringtough,ok
413,Flujometro,000002,Zontrax,durmiendo
414,Flujometro,000001,Opela,ok
415,Flujometro,000001,Toughjoyfax,dañado
416,Termometro,000003,Pannier,ok
417,Nivel,000002,Asoka,durmiendo
418,Termometro,000002,Andalax,dañado
419,Nivel,000002,Overhold,ok
420,Termometro,000002,Biodex,ok
421,Termometro,000002,Zontrax,ok
422,Flujometro,000002,Bamity,apagado
423,Flujometro,000001,Stim,durmiendo
424,Nivel,000001,Fintone,ok
425,Flujometro,000002,Bigtax,apagado
426,Termometro,000002,Bitchip,dañado
427,Flujometro,000003,Gembucket,durmiendo
428,Termometro,000003,Vagram,dañado
429,Nivel,000002,Zaam-Dox,apagado
430,Nivel,000003,Sonair,dañado
431,Flujometro,000003,Wrapsafe,durmiendo
432,Termometro,000002,Home Ing,dañado
433,Nivel,000003,Prodder,ok
434,Flujometro,000001,Asoka,dañado
435,Termometro,000001,Sonsing,durmiendo
436,Termometro,000002,Latlux,dañado
437,Termometro,000003,Konklux,ok
438,Termometro,000002,Konklab,dañado
439,Nivel,000001,Lotlux,ok
440,Nivel,000003,Y-find,ok
441,Termometro,000001,Voltsillam,durmiendo
442,Flujometro,000002,Sonsing,durmiendo
443,Termometro,000003,Greenlam,apagado
444,Nivel,000001,Fix San,dañado
445,Flujometro,000001,Hatity,ok
446,Nivel,000003,Redhold,dañado
447,Flujometro,000001,Greenlam,dañado
448,Flujometro,000001,Zamit,ok
449,Nivel,000002,Voltsillam,durmiendo
450,Termometro,000001,Cardify,durmiendo
451,Nivel,000003,Fix San,durmiendo
452,Flujometro,000001,Stim,ok
453,Nivel,000002,Flexidy,apagado
454,Termometro,000003,Regrant,ok
455,Nivel,000001,Zathin,ok
456,Nivel,000001,Cardify,ok
457,Flujometro,000001,Span,ok
458,Flujometro,000002,Trippledex,dañado
459,Flujometro,000002,Viva,durmiendo
460,Nivel,000001,Tempsoft,ok
461,Flujometro,000002,Tres-Zap,ok
462,Termometro,000002,Hatity,durmiendo
463,Nivel,000003,Stim,apagado
464,Termometro,000003,Y-find,ok
465,Flujometro,000003,Viva,apagado
466,Flujometro,000002,Bytecard,durmiendo
467,Termometro,000003,Bigtax,ok
468,Termometro,000001,Mat Lam Tam,dañado
469,Flujometro,000003,Daltfresh,dañado
470,Nivel,000002,Zamit,apagado
471,Flujometro,000001,Fixflex,dañado
472,Nivel,000003,Bamity,durmiendo
473,Termometro,000003,Vagram,apagado
474,Nivel,000002,Latlux,apagado
475,Flujometro,000002,Solarbreeze,dañado
476,Flujometro,000001,Latlux,dañado
477,Termometro,000002,Cardguard,apagado
478,Nivel,000002,Andalax,dañado
479,Termometro,000002,Solarbreeze,durmiendo
480,Nivel,000002,Toughjoyfax,ok
481,Termometro,000001,Opela,durmiendo
482,Flujometro,000002,Tresom,ok
483,Termometro,000003,Bigtax,dañado
484,Termometro,000001,Ventosanzap,durmiendo
485,Termometro,000003,Toughjoyfax,apagado
486,Flujometro,000002,Y-find,apagado
487,Nivel,000003,Zamit,apagado
488,Flujometro,000003,Subin,apagado
489,Termometro,000001,Fixflex,dañado
490,Nivel,000002,Ronstring,durmiendo
491,Termometro,000002,Zontrax,apagado
492,Flujometro,000003,Zamit,dañado
493,Flujometro,000003,Toughjoyfax,apagado
494,Flujometro,000001,Konklab,ok
495,Termometro,000003,Wrapsafe,ok
496,Nivel,000002,Tempsoft,durmiendo
497,Nivel,000001,Pannier,ok
498,Flujometro,000001,Keylex,dañado
499,Termometro,000002,Konklab,ok
500,Flujometro,000001,Stim,apagado
501,Termometro,000001,Biodex,apagado
502,Flujometro,000002,Alpha,ok
503,Flujometro,000002,Alphazap,dañado
504,Termometro,000002,Stim,ok
505,Termometro,000001,Stringtough,durmiendo
506,Flujometro,000001,Transcof,ok
507,Flujometro,000003,Fintone,apagado
508,Termometro,000001,Stim,durmiendo
509,Nivel,000002,Bigtax,apagado
510,Nivel,000002,Daltfresh,apagado
511,Termometro,000002,Cardify,apagado
512,Nivel,000001,Y-Solowarm,durmiendo
513,Nivel,000001,Quo Lux,durmiendo
514,Flujometro,000002,Transcof,durmiendo
515,Flujometro,000003,Ronstring,ok
516,Termometro,000001,Tampflex,apagado
517,Flujometro,000003,Prodder,ok
518,Termometro,000002,Regrant,ok
519,Nivel,000002,Otcom,ok
520,Flujometro,000003,Redhold,dañado
521,Nivel,000003,Biodex,ok
522,Nivel,000003,Y-Solowarm,ok
523,Termometro,000002,Keylex,apagado
524,Nivel,000001,Tin,dañado
525,Flujometro,000001,Tempsoft,dañado
526,Termometro,000001,Wrapsafe,ok
527,Flujometro,000001,Job,apagado
528,Termometro,000001,Flexidy,apagado
529,Flujometro,000003,Bigtax,dañado
530,Flujometro,000001,Home Ing,dañado
531,Nivel,000002,Daltfresh,durmiendo
532,Termometro,000001,Flowdesk,durmiendo
533,Nivel,000003,Temp,durmiendo
534,Termometro,000001,Daltfresh,dañado
535,Termometro,000003,Konklab,dañado
536,Nivel,000002,Flowdesk,ok
537,Flujometro,000001,Stim,dañado
538,Nivel,000002,Trippledex,durmiendo
539,Flujometro,000002,Ronstring,dañado
540,Nivel,000002,Transcof,durmiendo
541,Nivel,000003,Bytecard,apagado
542,Flujometro,000001,Redhold,ok
543,Nivel,000001,Sonsing,ok
544,Flujometro,000001,Sonsing,durmiendo
545,Nivel,000001,Redhold,apagado
546,Termometro,000001,Y-find,ok
547,Flujometro,000001,Home Ing,ok
548,Nivel,000001,Opela,apagado
549,Termometro,000003,Asoka,ok
550,Flujometro,000003,Lotstring,durmiendo
551,Termometro,000001,Voltsillam,apagado
552,Termometro,000003,Gembucket,durmiendo
553,Nivel,000003,Job,durmiendo
554,Flujometro,000003,Rank,apagado
555,Flujometro,000002,Konklab,ok
556,Flujometro,000002,Stringtough,ok
557,Flujometro,000003,Quo Lux,durmiendo
558,Termometro,000002,Cardguard,dañado
559,Termometro,000003,Tin,durmiendo
560,Nivel,000001,Alpha,apagado
561,Flujometro,000003,Biodex,durmiendo
562,Flujometro,000001,Regrant,ok
563,Nivel,000001,Biodex,ok
564,Termometro,000002,Quo Lux,ok
565,Termometro,000002,Ventosanzap,dañado
566,Flujometro,000002,Zamit,dañado
567,Flujometro,000002,Trippledex,durmiendo
568,Termometro,000002,Matsoft,ok
569,Nivel,000002,Holdlamis,durmiendo
570,Nivel,000003,Fixflex,apagado
571,Flujometro,000001,Zathin,ok
572,Termometro,000002,Namfix,ok
573,Flujometro,000001,It,apagado
574,Nivel,000003,Home Ing,dañado
575,Nivel,000001,Namfix,apagado
576,Flujometro,000002,Y-Solowarm,dañado
577,Flujometro,000001,Opela,dañado
578,Termometro,000001,Bamity,dañado
579,Nivel,000002,Andalax,durmiendo
580,Flujometro,000002,Konklab,apagado
581,Nivel,000003,Zamit,durmiendo
582,Nivel,000003,Fixflex,durmiendo
583,Termometro,000003,Opela,durmiendo
584,Flujometro,000001,Viva,apagado
585,Nivel,000001,Pannier,ok
586,Termometro,000001,Cookley,dañado
587,Flujometro,000001,Aerified,ok
588,Nivel,000002,Solarbreeze,durmiendo
589,Termometro,000002,Flowdesk,apagado
590,Termometro,000001,Wrapsafe,ok
591,Nivel,000003,Hatity,ok
592,Termometro,000001,Alpha,ok
593,Flujometro,000003,Job,dañado
594,Flujometro,000003,Tempsoft,dañado
595,Termometro,000003,Keylex,dañado
596,Nivel,000003,Bytecard,durmiendo
597,Flujometro,000003,Viva,durmiendo
598,Termometro,000002,Redhold,apagado
599,Termometro,000001,Ventosanzap,dañado
600,Flujometro,000003,Duobam,durmiendo
601,Termometro,000001,Solarbreeze,dañado
602,Nivel,000003,Ronstring,durmiendo
603,Termometro,000002,Sonsing,apagado
604,Nivel,000002,Bitwolf,ok
605,Nivel,000003,Veribet,dañado
606,Termometro,000001,Span,ok
607,Termometro,000003,Daltfresh,apagado
608,Termometro,000002,Greenlam,durmiendo
609,Flujometro,000003,Vagram,ok
610,Termometro,000003,Bamity,durmiendo
611,Flujometro,000001,Holdlamis,dañado
612,Termometro,000003,Sub-Ex,durmiendo
613,Flujometro,000003,Y-Solowarm,ok
614,Nivel,000002,Pannier,ok
615,Nivel,000001,Domainer,apagado
616,Flujometro,000003,Konklab,ok
617,Nivel,000003,Latlux,dañado
618,Flujometro,000001,Bigtax,durmiendo
619,Flujometro,000003,Sonair,apagado
620,Flujometro,000003,Span,dañado
621,Flujometro,000001,Fintone,dañado
622,Nivel,000001,Cardify,ok
623,Termometro,000002,Otcom,durmiendo
624,Termometro,000003,Zaam-Dox,ok
625,Flujometro,000003,Temp,ok
626,Nivel,000002,Bitchip,apagado
627,Flujometro,000002,Zontrax,ok
628,Flujometro,000001,Holdlamis,dañado
629,Flujometro,000001,Quo Lux,durmiendo
630,Flujometro,000002,Solarbreeze,apagado
631,Termometro,000001,Transcof,ok
632,Nivel,000002,It,durmiendo
633,Termometro,000001,Voyatouch,dañado
634,Flujometro,000002,Greenlam,dañado
635,Termometro,000001,Bigtax,dañado
636,Termometro,000001,Matsoft,dañado
637,Termometro,000001,Flowdesk,ok
638,Nivel,000001,Viva,dañado
639,Termometro,000001,Mat Lam Tam,dañado
640,Flujometro,000002,Konklux,dañado
641,Flujometro,000001,Toughjoyfax,durmiendo
642,Flujometro,000002,Alpha,ok
643,Nivel,000003,Stringtough,durmiendo
644,Nivel,000001,Zaam-Dox,ok
645,Flujometro,000003,Lotlux,ok
646,Flujometro,000002,Cardify,durmiendo
647,Flujometro,000001,Tampflex,apagado
648,Flujometro,000002,Cookley,durmiendo
649,Termometro,000001,Y-find,dañado
650,Flujometro,000002,Matsoft,dañado
651,Termometro,000001,Otcom,durmiendo
652,Flujometro,000001,Voyatouch,dañado
653,Nivel,000001,Subin,dañado
654,Termometro,000002,Toughjoyfax,apagado
655,Termometro,000002,Konklab,ok
656,Nivel,000002,Lotlux,durmiendo
657,Flujometro,000002,Stringtough,dañado
658,Flujometro,000003,Sonsing,dañado
659,Termometro,000001,Zathin,dañado
660,Termometro,000002,Transcof,dañado
661,Termometro,000002,Span,apagado
662,Termometro,000003,Home Ing,dañado
663,Flujometro,000001,Fixflex,dañado
664,Nivel,000001,Fix San,durmiendo
665,Termometro,000001,Voltsillam,ok
666,Nivel,000003,Y-Solowarm,ok
667,Nivel,000001,Sonair,dañado
668,Termometro,000003,Zaam-Dox,durmiendo
669,Nivel,000002,Keylex,apagado
670,Flujometro,000002,Daltfresh,apagado
671,Termometro,000001,Namfix,apagado
672,Flujometro,000001,Zamit,dañado
673,Nivel,000003,Job,ok
674,Termometro,000003,Kanlam,apagado
675,Termometro,000002,Fix San,apagado
676,Nivel,000002,Mat Lam Tam,dañado
677,Flujometro,000002,Zathin,durmiendo
678,Termometro,000002,Hatity,ok
679,Flujometro,000002,Sub-Ex,durmiendo
680,Flujometro,000003,Fixflex,apagado
681,Nivel,000003,Stronghold,durmiendo
682,Termometro,000002,Zontrax,durmiendo
683,Flujometro,000003,Span,durmiendo
684,Nivel,000002,Veribet,ok
685,Termometro,000001,Lotlux,dañado
686,Flujometro,000002,Pannier,durmiendo
687,Termometro,000001,Namfix,ok
688,Nivel,000002,Bytecard,durmiendo
689,Flujometro,000002,Ventosanzap,dañado
690,Nivel,000002,Redhold,dañado
691,Nivel,000002,Fixflex,durmiendo
692,Termometro,000003,Flowdesk,ok
693,Flujometro,000002,Trippledex,ok
694,Termometro,000002,Stronghold,durmiendo
695,Flujometro,000002,Hatity,durmiendo
696,Flujometro,000001,Veribet,ok
697,Nivel,000001,Lotstring,durmiendo
698,Nivel,000001,Alphazap,dañado
699,Flujometro,000003,Cookley,apagado
700,Termometro,000001,Asoka,apagado
701,Flujometro,000003,Daltfresh,durmiendo
702,Termometro,000001,Zontrax,dañado
703,Nivel,000002,Cardify,durmiendo
704,Flujometro,000002,Biodex,dañado
705,Termometro,000003,Cookley,dañado
706,Nivel,000002,Domainer,dañado
707,Nivel,000003,Fixflex,ok
708,Nivel,000003,Wrapsafe,ok
709,Termometro,000001,Zoolab,durmiendo
710,Flujometro,000001,Regrant,dañado
711,Flujometro,000001,Greenlam,apagado
712,Termometro,000001,Duobam,apagado
713,Nivel,000001,Asoka,apagado
714,Termometro,000001,Rank,dañado
715,Flujometro,000003,Regrant,dañado
716,Nivel,000002,Duobam,ok
717,Termometro,000002,Bitchip,apagado
718,Termometro,000003,Bitwolf,ok
719,Nivel,000002,Redhold,durmiendo
720,Nivel,000002,Ventosanzap,durmiendo
721,Flujometro,000001,Aerified,ok
722,Flujometro,000002,Sonair,dañado
723,Termometro,000002,Latlux,durmiendo
724,Nivel,000003,Viva,apagado
725,Nivel,000003,Stringtough,apagado
726,Flujometro,000002,Zaam-Dox,ok
727,Flujometro,000003,Zathin,durmiendo
728,Nivel,000002,Wrapsafe,ok
729,Nivel,000003,Lotlux,dañado
730,Flujometro,000002,Zontrax,ok
731,Nivel,000003,Zaam-Dox,apagado
732,Termometro,000001,Zoolab,apagado
733,Nivel,000003,Zathin,ok
734,Flujometro,000003,Bamity,dañado
735,Flujometro,000002,Transcof,dañado
736,Nivel,000002,Bitchip,ok
737,Flujometro,000002,Andalax,ok
738,Termometro,000001,Alphazap,durmiendo
739,Nivel,000001,Redhold,durmiendo
740,Termometro,000002,Zamit,dañado
741,Flujometro,000002,Cardify,ok
742,Flujometro,000003,Biodex,apagado
743,Flujometro,000003,Wrapsafe,dañado
744,Flujometro,000001,Fix San,dañado
745,Nivel,000001,Veribet,dañado
746,Flujometro,000001,Quo Lux,durmiendo
747,Termometro,000002,Lotlux,durmiendo
748,Flujometro,000001,Bytecard,dañado
749,Flujometro,000002,Bitwolf,durmiendo
750,Flujometro,000002,Ronstring,dañado
751,Flujometro,000003,Trippledex,apagado
752,Flujometro,000002,Opela,durmiendo
753,Flujometro,000002,Prodder,ok
754,Flujometro,000002,Mat Lam Tam,apagado
755,Termometro,000001,Fintone,apagado
756,Termometro,000001,Aerified,apagado
757,Flujometro,000002,Quo Lux,durmiendo
758,Nivel,000001,Daltfresh,ok
759,Flujometro,000002,Fix San,apagado
760,Flujometro,000001,Transcof,dañado
761,Flujometro,000002,Latlux,durmiendo
762,Termometro,000001,Home Ing,ok
763,Flujometro,000002,Asoka,dañado
764,Nivel,000002,Prodder,ok
765,Nivel,000001,Trippledex,apagado
766,Flujometro,000001,Biodex,dañado
767,Nivel,000003,Konklab,ok
768,Termometro,000002,Bamity,apagado
769,Termometro,000001,Otcom,dañado
770,Termometro,000001,Hatity,durmiendo
771,Flujometro,000002,Cardguard,ok
772,Nivel,000003,Toughjoyfax,apagado
773,Flujometro,000002,Aerified,ok
774,Termometro,000002,Pannier,apagado
775,Flujometro,000002,Treeflex,dañado
776,Nivel,000001,Keylex,durmiendo
777,Termometro,000002,Konklux,dañado
778,Nivel,000001,Home Ing,dañado
779,Nivel,000002,Keylex,dañado
780,Flujometro,000003,Span,dañado
781,Flujometro,000003,Viva,ok
782,Termometro,000003,Fintone,durmiendo
783,Flujometro,000003,Sonsing,ok
784,Flujometro,000002,Ventosanzap,dañado
785,Termometro,000003,Greenlam,ok
786,Nivel,000003,Gembucket,dañado
787,Flujometro,000003,Trippledex,dañado
788,Flujometro,000003,Alphazap,ok
789,Termometro,000003,Otcom,ok
790,Flujometro,000003,Lotstring,dañado
791,Nivel,000003,Y-Solowarm,dañado
792,Flujometro,000001,Tempsoft,dañado
793,Nivel,000003,Cardguard,apagado
794,Termometro,000002,Ventosanzap,apagado
795,Flujometro,000002,Mat Lam Tam,dañado
796,Nivel,000003,Konklab,durmiendo
797,Nivel,000001,Andalax,durmiendo
798,Flujometro,000002,Vagram,ok
799,Nivel,000001,Bigtax,durmiendo
800,Nivel,000003,Zathin,durmiendo
801,Nivel,000002,Prodder,dañado
802,Nivel,000001,Trippledex,dañado
803,Nivel,000003,Tres-Zap,apagado
804,Termometro,000002,Zontrax,durmiendo
805,Flujometro,000002,Asoka,apagado
806,Flujometro,000001,Temp,dañado
807,Nivel,000002,Zathin,durmiendo
808,Nivel,000002,Flexidy,durmiendo
809,Nivel,000001,Flowdesk,dañado
810,Flujometro,000002,Voyatouch,durmiendo
811,Termometro,000003,Zaam-Dox,ok
812,Nivel,000002,Flowdesk,apagado
813,Nivel,000003,Sub-Ex,dañado
814,Flujometro,000001,Quo Lux,apagado
815,Nivel,000001,Bitchip,ok
816,Termometro,000001,Fix San,durmiendo
817,Nivel,000002,Fintone,durmiendo
818,Termometro,000003,Kanlam,dañado
819,Nivel,000002,Voltsillam,apagado
820,Termometro,000001,Lotstring,apagado
821,Flujometro,000003,Prodder,apagado
822,Flujometro,000001,Keylex,dañado
823,Termometro,000002,Biodex,durmiendo
824,Flujometro,000003,Voltsillam,ok
825,Nivel,000001,Holdlamis,ok
826,Termometro,000003,Voltsillam,apagado
827,Nivel,000002,Trippledex,apagado
828,Nivel,000001,Trippledex,apagado
829,Flujometro,000002,Voyatouch,dañado
830,Termometro,000002,Bigtax,apagado
831,Nivel,000001,Viva,apagado
832,Nivel,000001,Tresom,ok
833,Nivel,000003,Ventosanzap,durmiendo
834,Flujometro,000001,Pannier,apagado
835,Termometro,000001,Y-Solowarm,apagado
836,Flujometro,000001,It,ok
837,Flujometro,000002,Bamity,dañado
838,Nivel,000002,Ronstring,apagado
839,Flujometro,000001,Cardify,durmiendo
840,Flujometro,000002,Aerified,durmiendo
841,Termometro,000002,Quo Lux,apagado
842,Nivel,000003,Duobam,durmiendo
843,Termometro,000003,Ventosanzap,dañado
844,Termometro,000002,Cookley,ok
845,Termometro,000003,Alphazap,durmiendo
846,Termometro,000002,Home Ing,apagado
847,Nivel,000003,Fixflex,durmiendo
848,Termometro,000001,Vagram,dañado
849,Flujometro,000001,Prodder,durmiendo
850,Flujometro,000002,Redhold,ok
851,Termometro,000001,Zamit,apagado
852,Nivel,000002,Zoolab,ok
853,Nivel,000001,Bigtax,ok
854,Nivel,000002,Trippledex,ok
855,Nivel,000003,Vagram,apagado
856,Nivel,000001,Ventosanzap,apagado
857,Nivel,000003,Konklux,dañado
858,Flujometro,000002,Greenlam,ok
859,Nivel,000002,Cardguard,apagado
860,Flujometro,000003,Bamity,dañado
861,Termometro,000001,Domainer,ok
862,Flujometro,000003,Matsoft,ok
863,Flujometro,000003,Bamity,dañado
864,Nivel,000003,Job,durmiendo
865,Nivel,000001,Bytecard,durmiendo
866,Flujometro,000003,Zaam-Dox,durmiendo
867,Termometro,000002,Zoolab,ok
868,Nivel,000001,Sonair,dañado
869,Nivel,000001,Tampflex,apagado
870,Nivel,000003,Transcof,ok
871,Flujometro,000003,Biodex,dañado
872,Nivel,000002,Alphazap,durmiendo
873,Nivel,000002,Zontrax,durmiendo
874,Termometro,000002,Y-find,ok
875,Flujometro,000001,Bitwolf,apagado
876,Termometro,000001,Keylex,ok
877,Flujometro,000002,Flexidy,dañado
878,Flujometro,000003,Stronghold,apagado
879,Nivel,000003,Cardify,dañado
880,Flujometro,000001,Overhold,dañado
881,Flujometro,000002,Temp,dañado
882,Nivel,000001,Konklux,dañado
883,Termometro,000003,Latlux,ok
884,Termometro,000003,Holdlamis,durmiendo
885,Termometro,000003,Domainer,apagado
886,Flujometro,000003,Pannier,apagado
887,Flujometro,000001,Tampflex,ok
888,Flujometro,000003,Konklux,ok
889,Nivel,000003,Gembucket,dañado
890,Termometro,000002,Latlux,durmiendo
891,Flujometro,000003,Flexidy,dañado
892,Flujometro,000002,Bytecard,ok
893,Flujometro,000003,Home Ing,durmiendo
894,Nivel,000002,Solarbreeze,dañado
895,Termometro,000002,Zaam-Dox,dañado
896,Flujometro,000001,Gembucket,ok
897,Flujometro,000002,Opela,dañado
898,Nivel,000001,Regrant,apagado
899,Termometro,000002,Y-Solowarm,dañado
900,Flujometro,000002,Holdlamis,ok
901,Termometro,000003,Bitchip,durmiendo
902,Termometro,000003,Bitwolf,durmiendo
903,Flujometro,000003,Duobam,dañado
904,Termometro,000002,Zaam-Dox,dañado
905,Nivel,000002,Zaam-Dox,apagado
906,Flujometro,000002,Prodder,apagado
907,Termometro,000002,Asoka,dañado
908,Flujometro,000002,Tres-Zap,dañado
909,Termometro,000002,Fintone,apagado
910,Nivel,000001,Voyatouch,apagado
911,Flujometro,000001,Sub-Ex,dañado
912,Flujometro,000003,Bigtax,apagado
913,Termometro,000003,Cardguard,dañado
914,Nivel,000002,Subin,ok
915,Flujometro,000003,Zoolab,durmiendo
916,Nivel,000003,Bigtax,dañado
917,Termometro,000002,Alpha,durmiendo
918,Termometro,000002,Bitwolf,durmiendo
919,Nivel,000002,Rank,dañado
920,Termometro,000003,Konklux,durmiendo
921,Termometro,000003,Daltfresh,dañado
922,Nivel,000001,Tresom,ok
923,Nivel,000003,Tin,apagado
924,Termometro,000003,Regrant,dañado
925,Nivel,000002,Bitchip,apagado
926,Flujometro,000002,It,dañado
927,Nivel,000002,Subin,apagado
928,Nivel,000001,Y-find,ok
929,Nivel,000001,Treeflex,dañado
930,Nivel,000001,Biodex,apagado
931,Flujometro,000001,Regrant,dañado
932,Termometro,000001,Namfix,durmiendo
933,Termometro,000003,Ronstring,ok
934,Nivel,000002,Veribet,dañado
935,Nivel,000002,Opela,ok
936,Termometro,000002,Transcof,durmiendo
937,Flujometro,000003,Sonair,ok
938,Flujometro,000003,Tampflex,apagado
939,Flujometro,000002,Overhold,dañado
940,Flujometro,000003,Konklab,dañado
941,Flujometro,000003,Prodder,ok
942,Termometro,000002,Greenlam,ok
943,Nivel,000002,Opela,ok
944,Nivel,000003,Ventosanzap,ok
945,Flujometro,000001,Sonair,apagado
946,Flujometro,000001,Vagram,apagado
947,Nivel,000003,Sonsing,apagado
948,Termometro,000001,Quo Lux,apagado
949,Termometro,000001,Zontrax,dañado
950,Nivel,000002,Vagram,dañado
951,Nivel,000002,Domainer,apagado
952,Termometro,000002,Zoolab,apagado
953,Termometro,000003,Keylex,dañado
954,Termometro,000003,Zaam-Dox,apagado
955,Termometro,000001,Stim,apagado
956,Flujometro,000003,Bigtax,dañado
957,Nivel,000002,Fintone,ok
958,Termometro,000001,Temp,ok
959,Termometro,000001,Mat Lam Tam,ok
960,Termometro,000003,Cardguard,durmiendo
961,Termometro,000002,Vagram,ok
962,Termometro,000003,Domainer,dañado
963,Termometro,000001,Stringtough,apagado
964,Flujometro,000003,Job,dañado
965,Flujometro,000002,Regrant,dañado
966,Termometro,000001,Span,apagado
967,Flujometro,000002,Sonsing,apagado
968,Termometro,000002,Flowdesk,apagado
969,Termometro,000001,Namfix,dañado
970,Termometro,000003,Stronghold,ok
971,Nivel,000001,Fintone,dañado
972,Nivel,000002,Zathin,dañado
973,Nivel,000001,Toughjoyfax,durmiendo
974,Nivel,000003,Zathin,apagado
975,Nivel,000001,Home Ing,apagado
976,Nivel,000002,Holdlamis,apagado
977,Flujometro,000002,Job,dañado
978,Flujometro,000001,Quo Lux,ok
979,Flujometro,000003,Zathin,apagado
980,Flujometro,000003,Redhold,apagado
981,Flujometro,000001,Voltsillam,ok
982,Flujometro,000001,Konklab,ok
983,Flujometro,000001,Solarbreeze,apagado
984,Termometro,000001,Alpha,dañado
985,Nivel,000001,Cookley,ok
986,Nivel,000003,Fixflex,durmiendo
987,Nivel,000003,Stringtough,apagado
988,Nivel,000001,Vagram,ok
989,Termometro,000003,Latlux,dañado
990,Nivel,000002,Voltsillam,apagado
991,Termometro,000002,Zamit,ok
992,Termometro,000003,Fix San,ok
993,Flujometro,000003,Viva,ok
994,Termometro,000001,Cardguard,apagado
995,Flujometro,000002,Holdlamis,durmiendo
996,Termometro,000002,Y-Solowarm,ok
997,Nivel,000002,Fix San,durmiendo
998,Flujometro,000003,Regrant,dañado
999,Flujometro,000001,Greenlam,apagado
1000,Flujometro,000002,Andalax,durmiendo
